<?xml version="1.0" encoding="UTF-8"?>
<project-private xmlns="http://www.netbeans.org/ns/project-private/1">
    <editor-bookmarks xmlns="http://www.netbeans.org/ns/editor-bookmarks/2" lastBookmarkId="0"/>
    <open-files xmlns="http://www.netbeans.org/ns/projectui-open-files/2">
        <group>
            <file>file:/C:/TELKOM/tubespbo2/src/java/servlets/signup.java</file>
            <file>file:/C:/TELKOM/tubespbo2/src/java/models/Customer.java</file>
            <file>file:/C:/TELKOM/tubespbo2/web/signup.jsp</file>
            <file>file:/C:/TELKOM/tubespbo2/web/index.jsp</file>
            <file>file:/C:/TELKOM/tubespbo2/web/login.jsp</file>
            <file>file:/C:/TELKOM/tubespbo2/web/main.jsp</file>
            <file>file:/C:/TELKOM/tubespbo2/src/java/servlets/login.java</file>
        </group>
    </open-files>
</project-private>
